tconst	Show Title	Hyperlink to Title
tt0450385	1408	https://www.imdb.com/title/tt0450385
tt3149038	A Brilliant Young Mind	https://www.imdb.com/title/tt3149038
tt4058500	A Perfect Man	https://www.imdb.com/title/tt4058500
tt6644200	A Quiet Place	https://www.imdb.com/title/tt6644200
tt2194499	About Time	https://www.imdb.com/title/tt2194499
tt8905884	Adult Material	https://www.imdb.com/title/tt8905884
tt0457655	After the Wedding	https://www.imdb.com/title/tt0457655
tt3640424	Allied	https://www.imdb.com/title/tt3640424
tt1961175	American Assassin	https://www.imdb.com/title/tt1961175
tt3581932	And Then There Were None	https://www.imdb.com/title/tt3581932
tt1431181	Another Year	https://www.imdb.com/title/tt1431181
tt5336698	Apple Tree Yard	https://www.imdb.com/title/tt5336698
tt1831575	Appropriate Adult	https://www.imdb.com/title/tt1831575
tt4428744	Arne Dahl: Dödsmässa	https://www.imdb.com/title/tt4428744
tt2094766	Assassin's Creed	https://www.imdb.com/title/tt2094766
tt6402402	Augury	https://www.imdb.com/title/tt6402402
tt5258904	B&B	https://www.imdb.com/title/tt5258904
tt6258718	Bad Banks	https://www.imdb.com/title/tt6258718
tt0372784	Batman Begins	https://www.imdb.com/title/tt0372784
tt0762803	BBC2 Playhouse	https://www.imdb.com/title/tt0762803
tt0907683	Beck	https://www.imdb.com/title/tt0907683
tt0416508	Becoming Jane	https://www.imdb.com/title/tt0416508
tt2638144	Ben-Hur	https://www.imdb.com/title/tt2638144
tt2782844	Billionaire Ransom	https://www.imdb.com/title/tt2782844
tt0249462	Billy Elliot	https://www.imdb.com/title/tt0249462
tt2737304	Bird Box	https://www.imdb.com/title/tt2737304
tt9495224	Black Mirror: Bandersnatch	https://www.imdb.com/title/tt9495224
tt0442632	Bleak House	https://www.imdb.com/title/tt0442632
tt0296309	Blind Justice	https://www.imdb.com/title/tt0296309
tt10334148	Blithe Spirit	https://www.imdb.com/title/tt10334148
tt8425058	Brexit	https://www.imdb.com/title/tt8425058
tt0412536	Brideshead Revisited	https://www.imdb.com/title/tt0412536
tt0101143	British Men Behaving Badly	https://www.imdb.com/title/tt0101143
tt4276618	C.B. Strike	https://www.imdb.com/title/tt4276618
tt1983079	Call the Midwife	https://www.imdb.com/title/tt1983079
tt1718747	Cannibal	https://www.imdb.com/title/tt1718747
tt7379682	Careful How You Go	https://www.imdb.com/title/tt7379682
tt0103927	Carry on Columbus	https://www.imdb.com/title/tt0103927
tt0381061	Casino Royale	https://www.imdb.com/title/tt0381061
tt10399872	Cesare	https://www.imdb.com/title/tt10399872
tt9131136	Cheat	https://www.imdb.com/title/tt9131136
tt1014763	Child 44	https://www.imdb.com/title/tt1014763
tt1661199	Cinderella	https://www.imdb.com/title/tt1661199
tt0168596	Cold Feet	https://www.imdb.com/title/tt0168596
tt0159365	Cold Mountain	https://www.imdb.com/title/tt0159365
tt2224119	Complicit	https://www.imdb.com/title/tt2224119
tt0106598	Coneheads	https://www.imdb.com/title/tt0106598
tt3530978	Correspondence	https://www.imdb.com/title/tt3530978
tt1717152	Cracks in the Shell	https://www.imdb.com/title/tt1717152
tt9348692	Criminal: UK	https://www.imdb.com/title/tt9348692
tt2427220	Crossing Lines	https://www.imdb.com/title/tt2427220
tt0284978	Cypher	https://www.imdb.com/title/tt0284978
tt0795368	Death at a Funeral	https://www.imdb.com/title/tt0795368
tt0436992	Doctor Who	https://www.imdb.com/title/tt0436992
tt0241383	Doctors	https://www.imdb.com/title/tt0241383
tt0374627	Double zéro	https://www.imdb.com/title/tt0374627
tt1606375	Downton Abbey	https://www.imdb.com/title/tt1606375
tt9139220	Dracula	https://www.imdb.com/title/tt9139220
tt0303453	Eisai to tairi mou	https://www.imdb.com/title/tt0303453
tt2336265	El otro	https://www.imdb.com/title/tt2336265
tt0188583	Elephant Juice	https://www.imdb.com/title/tt0188583
tt3579018	Emerald City	https://www.imdb.com/title/tt3579018
tt0116191	Emma	https://www.imdb.com/title/tt0116191
tt9214832	Emma.	https://www.imdb.com/title/tt9214832
tt2719848	Everest	https://www.imdb.com/title/tt2719848
tt1528100	Exodus: Gods and Kings	https://www.imdb.com/title/tt1528100
tt0477302	Extremely Loud & Incredibly Close	https://www.imdb.com/title/tt0477302
tt0137523	Fight Club	https://www.imdb.com/title/tt0137523
tt3014910	Finding Altamira	https://www.imdb.com/title/tt3014910
tt1213641	First Man	https://www.imdb.com/title/tt1213641
tt3507484	Flesh and Bone	https://www.imdb.com/title/tt3507484
tt0377062	Flight of the Phoenix	https://www.imdb.com/title/tt0377062
tt1950186	Ford v Ferrari	https://www.imdb.com/title/tt1950186
tt1341167	Four Lions	https://www.imdb.com/title/tt1341167
tt6928052	Free Rein	https://www.imdb.com/title/tt6928052
tt0870111	Frost/Nixon	https://www.imdb.com/title/tt0870111
tt0765451	Fugitive Pieces	https://www.imdb.com/title/tt0765451
tt0944947	Game of Thrones	https://www.imdb.com/title/tt0944947
tt0104348	Glengarry Glen Ross	https://www.imdb.com/title/tt0104348
tt5635086	God's Own Country	https://www.imdb.com/title/tt5635086
tt0280707	Gosford Park	https://www.imdb.com/title/tt0280707
tt3747572	Grantchester	https://www.imdb.com/title/tt3747572
tt3896198	Guardians of the Galaxy Vol. 2	https://www.imdb.com/title/tt3896198
tt0111993	Hamish Macbeth	https://www.imdb.com/title/tt0111993
tt0993842	Hanna	https://www.imdb.com/title/tt0993842
tt3428912	Happy Valley	https://www.imdb.com/title/tt3428912
tt0162360	Happy, Texas	https://www.imdb.com/title/tt0162360
tt0358319	Hardware	https://www.imdb.com/title/tt0358319
tt0373889	Harry Potter and the Order of the Phoenix	https://www.imdb.com/title/tt0373889
tt8758198	Hero	https://www.imdb.com/title/tt8758198
tt0462335	High-Rise	https://www.imdb.com/title/tt0462335
tt8151874	Honey Boy	https://www.imdb.com/title/tt8151874
tt0425112	Hot Fuzz	https://www.imdb.com/title/tt0425112
tt0412142	House	https://www.imdb.com/title/tt0412142
tt1856010	House of Cards	https://www.imdb.com/title/tt1856010
tt1477855	Hyde Park on Hudson	https://www.imdb.com/title/tt1477855
tt1340107	In a Better World	https://www.imdb.com/title/tt1340107
tt1226774	In the Loop	https://www.imdb.com/title/tt1226774
tt8822392	Inheritance	https://www.imdb.com/title/tt8822392
tt13093266	Intelligent Design	https://www.imdb.com/title/tt13093266
tt5178604	Jericho	https://www.imdb.com/title/tt5178604
tt7549996	Judy	https://www.imdb.com/title/tt7549996
tt7584040	Just Drive	https://www.imdb.com/title/tt7584040
tt7016936	Killing Eve	https://www.imdb.com/title/tt7016936
tt3323026	Kindred Spirits	https://www.imdb.com/title/tt3323026
tt1972591	King Arthur: Legend of the Sword	https://www.imdb.com/title/tt1972591
tt0434124	Kinky Boots	https://www.imdb.com/title/tt0434124
tt5730690	Kiss Me First	https://www.imdb.com/title/tt5730690
tt0325703	Lara Croft Tomb Raider: The Cradle of Life	https://www.imdb.com/title/tt0325703
tt0107362	Last Action Hero	https://www.imdb.com/title/tt0107362
tt1893273	Last Letter from Your Lover	https://www.imdb.com/title/tt1893273
tt9639470	Last Night in Soho	https://www.imdb.com/title/tt9639470
tt4695264	Lawrence: After Arabia	https://www.imdb.com/title/tt4695264
tt1707386	Les Misérables	https://www.imdb.com/title/tt1707386
tt6021284	Liar	https://www.imdb.com/title/tt6021284
tt0815190	Like Chef, Like God	https://www.imdb.com/title/tt0815190
tt8197340	Little Bastards	https://www.imdb.com/title/tt8197340
tt8254518	Lolito	https://www.imdb.com/title/tt8254518
tt3300542	London Has Fallen	https://www.imdb.com/title/tt3300542
tt0108840	Love Hurts	https://www.imdb.com/title/tt0108840
tt0472642	Love in Difficult Times	https://www.imdb.com/title/tt0472642
tt1854236	Love Is All You Need	https://www.imdb.com/title/tt1854236
tt4051832	Lovesick	https://www.imdb.com/title/tt4051832
tt9618276	Lunar Prospector One	https://www.imdb.com/title/tt9618276
tt12741024	Lungs	https://www.imdb.com/title/tt12741024
tt0943690	M.I.High	https://www.imdb.com/title/tt0943690
tt1587310	Maleficent	https://www.imdb.com/title/tt1587310
tt0795421	Mamma Mia!	https://www.imdb.com/title/tt0795421
tt0178737	Mansfield Park	https://www.imdb.com/title/tt0178737
tt1067578	Margaret Thatcher: The Long Walk to Finchley	https://www.imdb.com/title/tt1067578
tt0075534	Marie Curie	https://www.imdb.com/title/tt0075534
tt3864096	Marionetes	https://www.imdb.com/title/tt3864096
tt3253930	Marshland	https://www.imdb.com/title/tt3253930
tt0066684	Masterpiece Classic	https://www.imdb.com/title/tt0066684
tt0160904	MI-5	https://www.imdb.com/title/tt0160904
tt0282744	Mike Bassett: England Manager	https://www.imdb.com/title/tt0282744
tt9148706	Misbehaviour	https://www.imdb.com/title/tt9148706
tt1935859	Miss Peregrine's Home for Peculiar Children	https://www.imdb.com/title/tt1935859
tt4912910	Mission: Impossible - Fallout	https://www.imdb.com/title/tt4912910
tt5765988	Mitten in Deutschland: NSU	https://www.imdb.com/title/tt5765988
tt1591585	Mo	https://www.imdb.com/title/tt1591585
tt5108870	Morbius	https://www.imdb.com/title/tt5108870
tt8049666	MotherFatherSon	https://www.imdb.com/title/tt8049666
tt2310212	Mr Selfridge	https://www.imdb.com/title/tt2310212
tt0453451	Mr. Bean's Holiday	https://www.imdb.com/title/tt0453451
tt3168230	Mr. Holmes	https://www.imdb.com/title/tt3168230
tt6828390	Mr. Jones	https://www.imdb.com/title/tt6828390
tt2473794	Mr. Turner	https://www.imdb.com/title/tt2473794
tt0119280	Mrs. Brown	https://www.imdb.com/title/tt0119280
tt0865559	My Life in Ruins	https://www.imdb.com/title/tt0865559
tt2382320	No Time to Die	https://www.imdb.com/title/tt2382320
tt2094898	Nous York	https://www.imdb.com/title/tt2094898
tt1176699	Novemberkind	https://www.imdb.com/title/tt1176699
tt5071412	Ozark	https://www.imdb.com/title/tt5071412
tt8425532	Pennyworth	https://www.imdb.com/title/tt8425532
tt1439572	Perfect Sense	https://www.imdb.com/title/tt1439572
tt5776858	Phantom Thread	https://www.imdb.com/title/tt5776858
tt0216972	Piaf	https://www.imdb.com/title/tt0216972
tt11161474	Pieces of a Woman	https://www.imdb.com/title/tt11161474
tt3169706	Pride	https://www.imdb.com/title/tt3169706
tt0414387	Pride & Prejudice	https://www.imdb.com/title/tt0414387
tt0811026	Prime Suspect 7: The Final Act	https://www.imdb.com/title/tt0811026
tt2188249	Prisoners Wives	https://www.imdb.com/title/tt2188249
tt9620292	Promising Young Woman	https://www.imdb.com/title/tt9620292
tt8974594	Queens of Mystery	https://www.imdb.com/title/tt8974594
tt10228230	Quiz	https://www.imdb.com/title/tt10228230
tt11301886	Rebel Ridge	https://www.imdb.com/title/tt11301886
tt8674712	Red Door and Lemon Tree	https://www.imdb.com/title/tt8674712
tt2183641	Ripper Street	https://www.imdb.com/title/tt2183641
tt4258440	River	https://www.imdb.com/title/tt4258440
tt0338653	River City	https://www.imdb.com/title/tt0338653
tt0955308	Robin Hood	https://www.imdb.com/title/tt0955308
tt2145829	Robot Overlords	https://www.imdb.com/title/tt2145829
tt3748528	Rogue One: A Star Wars Story	https://www.imdb.com/title/tt3748528
tt0384766	Rome	https://www.imdb.com/title/tt0384766
tt1979320	Rush	https://www.imdb.com/title/tt1979320
tt0318649	Sahara	https://www.imdb.com/title/tt0318649
tt0457513	Scoop	https://www.imdb.com/title/tt0457513
tt2378079	Scorpion in Love	https://www.imdb.com/title/tt2378079
tt0138097	Shakespeare in Love	https://www.imdb.com/title/tt0138097
tt1475582	Sherlock	https://www.imdb.com/title/tt1475582
tt1515091	Sherlock Holmes: A Game of Shadows	https://www.imdb.com/title/tt1515091
tt2396135	Shetland	https://www.imdb.com/title/tt2396135
tt2488496	Star Wars: Episode VII - The Force Awakens	https://www.imdb.com/title/tt2488496
tt1492179	Strike Back	https://www.imdb.com/title/tt1492179
tt0164912	Stuart Little	https://www.imdb.com/title/tt0164912
tt0452568	Sugar Rush	https://www.imdb.com/title/tt0452568
tt0078346	Superman	https://www.imdb.com/title/tt0078346
tt0086393	Superman III	https://www.imdb.com/title/tt0086393
tt0408236	Sweeney Todd: The Demon Barber of Fleet Street	https://www.imdb.com/title/tt0408236
tt0079988	Tarka the Otter	https://www.imdb.com/title/tt0079988
tt0100758	Teenage Mutant Ninja Turtles	https://www.imdb.com/title/tt0100758
tt1441953	Testament of Youth	https://www.imdb.com/title/tt1441953
tt1942683	The Amazing World of Gumball	https://www.imdb.com/title/tt1942683
tt3154822	The Audience	https://www.imdb.com/title/tt3154822
tt0848228	The Avengers	https://www.imdb.com/title/tt0848228
tt0200465	The Bank Job	https://www.imdb.com/title/tt0200465
tt1547638	The Barons	https://www.imdb.com/title/tt1547638
tt5462602	The Big Sick	https://www.imdb.com/title/tt5462602
tt7095482	The Candidate	https://www.imdb.com/title/tt7095482
tt8201186	The Capture	https://www.imdb.com/title/tt8201186
tt0387131	The Constant Gardener	https://www.imdb.com/title/tt0387131
tt0421715	The Curious Case of Benjamin Button	https://www.imdb.com/title/tt0421715
tt2245171	The Cut	https://www.imdb.com/title/tt2245171
tt0810819	The Danish Girl	https://www.imdb.com/title/tt0810819
tt1050057	The Devil's Whore	https://www.imdb.com/title/tt1050057
tt1645170	The Dictator	https://www.imdb.com/title/tt1645170
tt1034389	The Eagle	https://www.imdb.com/title/tt1034389
tt6257970	The End of the F***ing World	https://www.imdb.com/title/tt6257970
tt5368542	The Exorcist	https://www.imdb.com/title/tt5368542
tt2294189	The Fall	https://www.imdb.com/title/tt2294189
tt5083738	The Favourite	https://www.imdb.com/title/tt5083738
tt5177088	The Girl in the Spider's Web	https://www.imdb.com/title/tt5177088
tt1343092	The Great Gatsby	https://www.imdb.com/title/tt1343092
tt7647128	The Hoist	https://www.imdb.com/title/tt7647128
tt0274558	The Hours	https://www.imdb.com/title/tt0274558
tt2084970	The Imitation Game	https://www.imdb.com/title/tt2084970
tt1504320	The King's Speech	https://www.imdb.com/title/tt1504320
tt1572491	The Last Circus	https://www.imdb.com/title/tt1572491
tt0455590	The Last King of Scotland	https://www.imdb.com/title/tt0455590
tt4179452	The Last Kingdom	https://www.imdb.com/title/tt4179452
tt5810626	The Level	https://www.imdb.com/title/tt5810626
tt3464902	The Lobster	https://www.imdb.com/title/tt3464902
tt9204128	The Mallorca Files	https://www.imdb.com/title/tt9204128
tt1638355	The Man from U.N.C.L.E.	https://www.imdb.com/title/tt1638355
tt3319730	The Mercy	https://www.imdb.com/title/tt3319730
tt4136774	The Ministry of Time	https://www.imdb.com/title/tt4136774
tt1538403	The Mortal Instruments: City of Bones	https://www.imdb.com/title/tt1538403
tt2733252	The Musketeers	https://www.imdb.com/title/tt2733252
tt8697870	The Nevers	https://www.imdb.com/title/tt8697870
tt4126438	The Ones Below	https://www.imdb.com/title/tt4126438
tt1585275	The Outcast	https://www.imdb.com/title/tt1585275
tt0436697	The Queen	https://www.imdb.com/title/tt0436697
tt0976051	The Reader	https://www.imdb.com/title/tt0976051
tt4827986	The Sense of an Ending	https://www.imdb.com/title/tt4827986
tt10642480	The Sister	https://www.imdb.com/title/tt10642480
tt1686812	The Song of Lunch	https://www.imdb.com/title/tt1686812
tt7631146	The Split	https://www.imdb.com/title/tt7631146
tt0236784	The Tailor of Panama	https://www.imdb.com/title/tt0236784
tt10482370	The Third Day	https://www.imdb.com/title/tt10482370
tt1509767	The Three Musketeers	https://www.imdb.com/title/tt1509767
tt3415992	The Time of Their Lives	https://www.imdb.com/title/tt3415992
tt8404614	The Two Popes	https://www.imdb.com/title/tt8404614
tt8178650	The Victim	https://www.imdb.com/title/tt8178650
tt7459986	The Widow	https://www.imdb.com/title/tt7459986
tt3750872	The Wife	https://www.imdb.com/title/tt3750872
tt9738716	The World to Come	https://www.imdb.com/title/tt9738716
tt0106179	The X-Files	https://www.imdb.com/title/tt0106179
tt2039401	This Is David Conrad	https://www.imdb.com/title/tt2039401
tt0115390	This Life	https://www.imdb.com/title/tt0115390
tt0800369	Thor	https://www.imdb.com/title/tt0800369
tt3501632	Thor: Ragnarok	https://www.imdb.com/title/tt3501632
tt1981115	Thor: The Dark World	https://www.imdb.com/title/tt1981115
tt6835252	Three Girls	https://www.imdb.com/title/tt6835252
tt1340800	Tinker Tailor Soldier Spy	https://www.imdb.com/title/tt1340800
tt5057054	Tom Clancy's Jack Ryan	https://www.imdb.com/title/tt5057054
tt0972844	Tomb Raider: Underworld	https://www.imdb.com/title/tt0972844
tt3323314	Tommy Cooper: Not Like That, Like This	https://www.imdb.com/title/tt3323314
tt0120347	Tomorrow Never Dies	https://www.imdb.com/title/tt0120347
tt1964418	Tomorrowland	https://www.imdb.com/title/tt1964418
tt1830379	Top Boy	https://www.imdb.com/title/tt1830379
tt0151568	Topsy-Turvy	https://www.imdb.com/title/tt0151568
tt3371366	Transformers: The Last Knight	https://www.imdb.com/title/tt3371366
tt8000970	Trigonometry	https://www.imdb.com/title/tt8000970
tt0176250	Tube Tales	https://www.imdb.com/title/tt0176250
tt1204340	Tyrannosaur	https://www.imdb.com/title/tt1204340
tt3717252	Underworld: Blood Wars	https://www.imdb.com/title/tt3717252
tt7153766	Unsane	https://www.imdb.com/title/tt7153766
tt5300320	Unseen	https://www.imdb.com/title/tt5300320
tt2384811	Utopia	https://www.imdb.com/title/tt2384811
tt0383694	Vera Drake	https://www.imdb.com/title/tt0383694
tt1976009	Victor Frankenstein	https://www.imdb.com/title/tt1976009
tt0262995	Victoria & Albert	https://www.imdb.com/title/tt0262995
tt1178618	Wallander	https://www.imdb.com/title/tt1178618
tt7608238	Wanderlust	https://www.imdb.com/title/tt7608238
tt0286788	What a Girl Wants	https://www.imdb.com/title/tt0286788
tt0108565	Wide Sargasso Sea	https://www.imdb.com/title/tt0108565
tt4218572	Widows	https://www.imdb.com/title/tt4218572
tt1235189	Wild Target	https://www.imdb.com/title/tt1235189
tt0337792	Wire in the Blood	https://www.imdb.com/title/tt0337792
tt2543472	Wonder	https://www.imdb.com/title/tt2543472
tt0451279	Wonder Woman	https://www.imdb.com/title/tt0451279
