nconst	Name	Hyperlink to Name
nm2253821	Adeel Akhtar	https://www.imdb.com/name/nm2253821
nm1096845	Alexis Georgoulis	https://www.imdb.com/name/nm1096845
nm0677944	Alistair Petrie	https://www.imdb.com/name/nm0677944
nm0420768	Amy Jenkins	https://www.imdb.com/name/nm0420768
nm8018644	Andrew G. Ogleby	https://www.imdb.com/name/nm8018644
nm0767947	Anna Savva	https://www.imdb.com/name/nm0767947
nm0209409	Antonio de la Torre	https://www.imdb.com/name/nm0209409
nm0199842	Ben Daniels	https://www.imdb.com/name/nm0199842
nm0139081	Benjamin Caron	https://www.imdb.com/name/nm0139081
nm7424466	Callum Woodhouse	https://www.imdb.com/name/nm7424466
nm0001097	Charles Dance	https://www.imdb.com/name/nm0001097
nm2275000	Christian Schwochow	https://www.imdb.com/name/nm2275000
nm2946516	Claire Foy	https://www.imdb.com/name/nm2946516
nm9429968	Colin Blyth	https://www.imdb.com/name/nm9429968
nm6258273	Daisy Waterstone	https://www.imdb.com/name/nm6258273
nm1016333	David Farr	https://www.imdb.com/name/nm1016333
nm1405503	David Hancock	https://www.imdb.com/name/nm1405503
nm0240375	Duncan Duff	https://www.imdb.com/name/nm0240375
nm7816594	Duncan Macmillan	https://www.imdb.com/name/nm7816594
nm0355542	Edward Hall	https://www.imdb.com/name/nm0355542
nm3389030	Edward Hemming	https://www.imdb.com/name/nm3389030
nm7778252	Edward Wolstenholme	https://www.imdb.com/name/nm7778252
nm0040586	Eileen Atkins	https://www.imdb.com/name/nm0040586
nm4456120	Elizabeth Debicki	https://www.imdb.com/name/nm4456120
nm2193504	Emerald Fennell	https://www.imdb.com/name/nm2193504
nm10128408	Emma Corrin	https://www.imdb.com/name/nm10128408
nm8732963	Erin Doherty	https://www.imdb.com/name/nm8732963
nm7374830	Finn Elliot	https://www.imdb.com/name/nm7374830
nm3456865	Freddie Fox	https://www.imdb.com/name/nm3456865
nm0244355	Gerald Durrell	https://www.imdb.com/name/nm0244355
nm0000096	Gillian Anderson	https://www.imdb.com/name/nm0000096
nm0000307	Helena Bonham Carter	https://www.imdb.com/name/nm0000307
nm2770159	Holly Hayes	https://www.imdb.com/name/nm2770159
nm3986032	Hovik Keuchkerian	https://www.imdb.com/name/nm3986032
nm0491402	Hugh Laurie	https://www.imdb.com/name/nm0491402
nm0001767	Imelda Staunton	https://www.imdb.com/name/nm0001767
nm0039674	James Aspinall	https://www.imdb.com/name/nm0039674
nm3037341	James Graham	https://www.imdb.com/name/nm3037341
nm0487743	Jane Lapotaire	https://www.imdb.com/name/nm0487743
nm0364813	Jared Harris	https://www.imdb.com/name/nm0364813
nm0000562	Jeremy Northam	https://www.imdb.com/name/nm0000562
nm0387596	Jessica Hobbs	https://www.imdb.com/name/nm0387596
nm0494170	John le Carré	https://www.imdb.com/name/nm0494170
nm5649137	Jon Brittain	https://www.imdb.com/name/nm5649137
nm0034877	Jonathan Aris	https://www.imdb.com/name/nm0034877
nm0000596	Jonathan Pryce	https://www.imdb.com/name/nm0000596
nm6497647	Jonathan Wilson	https://www.imdb.com/name/nm6497647
nm4853066	Josh O'Connor	https://www.imdb.com/name/nm4853066
nm9475661	Julian Baring	https://www.imdb.com/name/nm9475661
nm0183770	Julian Court	https://www.imdb.com/name/nm0183770
nm0418982	Julian Jarrold	https://www.imdb.com/name/nm0418982
nm1649678	Karina Beuthe Orr	https://www.imdb.com/name/nm1649678
nm1906500	Katherine Kelly	https://www.imdb.com/name/nm1906500
nm0369954	Keeley Hawes	https://www.imdb.com/name/nm0369954
nm4587490	Laura Deeley	https://www.imdb.com/name/nm4587490
nm0544334	Lesley Manville	https://www.imdb.com/name/nm0544334
nm1527293	Lucy Black	https://www.imdb.com/name/nm1527293
nm0047392	Marion Bailey	https://www.imdb.com/name/nm0047392
nm1741002	Matt Smith	https://www.imdb.com/name/nm1741002
nm0621382	Michael Nardone	https://www.imdb.com/name/nm0621382
nm6057785	Milo Parker	https://www.imdb.com/name/nm6057785
nm1354491	Nader Boussandel	https://www.imdb.com/name/nm1354491
nm1893071	Nancy Baldwin	https://www.imdb.com/name/nm1893071
nm1732975	Niall MacCormick	https://www.imdb.com/name/nm1732975
nm5387559	Nick Payne	https://www.imdb.com/name/nm5387559
nm7415871	Noah Jupe	https://www.imdb.com/name/nm7415871
nm1469236	Olivia Colman	https://www.imdb.com/name/nm1469236
nm0604948	Peter Morgan	https://www.imdb.com/name/nm0604948
nm1530431	Philip Martin	https://www.imdb.com/name/nm1530431
nm1339400	Philippa Lowthorpe	https://www.imdb.com/name/nm1339400
nm0868476	Pip Torrens	https://www.imdb.com/name/nm0868476
nm9272038	Rachel Sophia-Anthony	https://www.imdb.com/name/nm9272038
nm0146917	Robert Cavanah	https://www.imdb.com/name/nm0146917
nm0325368	Roger Goldby	https://www.imdb.com/name/nm0325368
nm2403495	Samuel Donovan	https://www.imdb.com/name/nm2403495
nm0829815	Sara Stewart	https://www.imdb.com/name/nm0829815
nm0638586	Simon Nye	https://www.imdb.com/name/nm0638586
nm0197636	Stephen Daldry	https://www.imdb.com/name/nm0197636
nm0006625	Steve Barron	https://www.imdb.com/name/nm0006625
nm0081540	Susanne Bier	https://www.imdb.com/name/nm0081540
nm0580014	Tobias Menzies	https://www.imdb.com/name/nm0580014
nm3976567	Tom Edge	https://www.imdb.com/name/nm3976567
nm1089991	Tom Hiddleston	https://www.imdb.com/name/nm1089991
nm0390903	Tom Hollander	https://www.imdb.com/name/nm0390903
nm8488111	Tuncay Gunes	https://www.imdb.com/name/nm8488111
nm3252350	Tábata Cerezo	https://www.imdb.com/name/nm3252350
nm2408532	Ulric von der Esch	https://www.imdb.com/name/nm2408532
nm3948952	Vanessa Kirby	https://www.imdb.com/name/nm3948952
nm0358200	Victoria Hamilton	https://www.imdb.com/name/nm0358200
nm0438869	Yorgos Karamihos	https://www.imdb.com/name/nm0438869
